id,entrance_exam,tutoring,tutoring_text,exit_exam
1,92.40832519721745,FALSE,No tutor,78.07591699475964
2,72.77237971968758,FALSE,No tutor,58.217569209589115
3,53.6508983672208,TRUE,Tutor,61.96543181346922
4,98.32688290036721,FALSE,No tutor,67.48956053253954
5,69.71219364629356,TRUE,Tutor,54.12888291195089
6,68.06771013965319,TRUE,Tutor,60.13143269750885
7,86.03047600648331,FALSE,No tutor,73.05074399953847
8,85.68573262522804,TRUE,Tutor,76.73619699944945
9,85.90494415948736,FALSE,No tutor,57.78113604097569
10,89.52847789250352,FALSE,No tutor,79.91582868504926
11,84.80980643892954,FALSE,No tutor,69.97045146602343
12,90.58161909414983,FALSE,No tutor,74.85449925157111
13,88.34225626204841,TRUE,Tutor,81.52766128397961
14,76.6797695525353,TRUE,Tutor,67.58564081518475
15,57.065385611957886,TRUE,Tutor,62.43177554585756
16,79.57018522869579,FALSE,No tutor,65.3514872815062
17,85.24073186019778,FALSE,No tutor,69.16776501773627
18,89.73990741609855,TRUE,Tutor,87.32926522898521
19,88.98772812145911,FALSE,No tutor,67.48990769380123
20,75.45039095091457,TRUE,Tutor,63.9613898692617
21,84.98274715966102,TRUE,Tutor,68.35787854419392
22,84.33338812672437,FALSE,No tutor,63.76827673856151
23,69.06855157261134,FALSE,No tutor,67.46631371622694
24,87.42874382060926,FALSE,No tutor,74.56920686638264
25,94.20474141014117,FALSE,No tutor,77.30219155029525
26,66.5452076737732,FALSE,No tutor,67.72791397242847
27,90.81676989003721,FALSE,No tutor,70.0944122376815
28,78.03018038937208,FALSE,No tutor,53.39598569510531
29,89.98368635350703,FALSE,No tutor,83.23919563180216
30,53.15066929519083,TRUE,Tutor,55.20027155443442
31,84.78921601890549,FALSE,No tutor,68.94444402507114
32,87.60624452292201,FALSE,No tutor,74.32199697564909
33,85.11732241160514,FALSE,No tutor,61.07957526190978
34,95.34362206305677,FALSE,No tutor,71.9125628196071
35,92.0828629551259,FALSE,No tutor,77.51975561627702
36,97.82939040900712,FALSE,No tutor,79.01112054931306
37,93.44639534018064,FALSE,No tutor,82.02735735771196
38,82.33103947391561,FALSE,No tutor,49.70099128235405
39,84.66401322158757,FALSE,No tutor,68.527888102544
40,91.22577602618772,FALSE,No tutor,76.03632422487257
41,89.17583674186551,FALSE,No tutor,72.79212844705462
42,82.13539597959483,TRUE,Tutor,80.11014973797089
43,90.54360048200147,FALSE,No tutor,79.51641855267063
44,90.29856791503616,FALSE,No tutor,80.06486783905461
45,91.56763411085227,FALSE,No tutor,61.80674852504107
46,92.76793865221444,FALSE,No tutor,66.49895601487766
47,85.40191332005934,FALSE,No tutor,64.4545929833678
48,85.06130937840983,FALSE,No tutor,66.38114165967838
49,96.29529324235315,FALSE,No tutor,80.31751234947747
50,86.11953154935148,FALSE,No tutor,72.78541369020522
51,91.5813350555496,FALSE,No tutor,77.77565809670858
52,90.7363093653447,FALSE,No tutor,71.6417031787563
53,80.37917749889458,TRUE,Tutor,74.02633485242498
54,66.80812577786283,TRUE,Tutor,63.41222650814743
55,36.857111255526135,TRUE,Tutor,49.07145897728749
56,88.31091888535894,TRUE,Tutor,74.20512645683766
57,92.00050158278945,FALSE,No tutor,60.073224811729794
58,78.35429194301017,FALSE,No tutor,54.71597555975703
59,87.15352584061259,TRUE,Tutor,82.88939770322455
60,77.9048298301843,TRUE,Tutor,67.64070978855221
61,91.83766831998624,FALSE,No tutor,67.2104782308913
62,71.6095779955374,FALSE,No tutor,59.86213870315615
63,77.66216952674515,FALSE,No tutor,70.20784780977286
64,84.52856967656352,TRUE,Tutor,72.39540252400766
65,83.34041418518302,FALSE,No tutor,66.16900615910737
66,64.85851314454592,FALSE,No tutor,60.09852814463969
67,80.24223042041334,FALSE,No tutor,57.26392921903904
68,93.80589212362926,FALSE,No tutor,63.407792595187715
69,82.65356017557754,FALSE,No tutor,58.91428459830037
70,80.61550286838394,FALSE,No tutor,71.64645476463033
71,80.49674044233959,FALSE,No tutor,57.25683047061149
72,93.67442922217452,FALSE,No tutor,77.20054289414566
73,80.5545873461934,FALSE,No tutor,61.95113381589155
74,59.92066305772923,FALSE,No tutor,53.50413618756943
75,63.6938259752578,TRUE,Tutor,71.9798454589046
76,67.09980970913017,FALSE,No tutor,58.99878069464988
77,83.83128249491422,FALSE,No tutor,64.12480972384338
78,80.82455063403957,FALSE,No tutor,54.33457788857877
79,92.3058636407378,FALSE,No tutor,72.51310300000901
80,78.655088667661,FALSE,No tutor,61.99046430507722
81,73.20107501127133,TRUE,Tutor,80.5321291253795
82,35.074855147901744,TRUE,Tutor,47.2738726238111
83,55.93433394889268,FALSE,No tutor,51.316653693265515
84,85.04519002286482,TRUE,Tutor,72.20402589101076
85,91.80347443831752,FALSE,No tutor,73.97212365484641
86,56.706028716271426,TRUE,Tutor,48.5457728216535
87,70.01718538354318,FALSE,No tutor,61.08508217674726
88,84.77795031704946,FALSE,No tutor,66.43062556544899
89,76.65316248359811,TRUE,Tutor,74.14312740865113
90,85.13279617214215,FALSE,No tutor,60.40067393190108
91,74.8534703969396,FALSE,No tutor,67.94114820336297
92,89.59099700835496,TRUE,Tutor,78.18860926197124
93,74.83157304908616,TRUE,Tutor,67.66382643741528
94,71.23796997991847,FALSE,No tutor,69.0190402374244
95,78.63794235042356,TRUE,Tutor,72.49783886629832
96,80.8899629397619,FALSE,No tutor,69.7941030082528
97,86.91543436056969,FALSE,No tutor,55.946375720907405
98,91.5889802207571,FALSE,No tutor,64.89617793736537
99,59.94513917328859,TRUE,Tutor,75.76437008310631
100,77.40114333885269,FALSE,No tutor,55.872630526504054
101,60.40653459644139,TRUE,Tutor,63.46368092510246
102,92.70713800932697,FALSE,No tutor,75.4800883847168
103,74.81616776304504,FALSE,No tutor,65.08277609670434
104,64.27435359316851,TRUE,Tutor,75.68589197107119
105,78.21457684935373,FALSE,No tutor,60.96985317909562
106,80.82150874852307,FALSE,No tutor,75.81352996819845
107,88.4031710129749,FALSE,No tutor,70.28138680821695
108,62.41507282421869,TRUE,Tutor,62.48500450356897
109,76.4082745405936,TRUE,Tutor,72.54703015894587
110,86.70864342835692,TRUE,Tutor,71.07219117174962
111,94.63448658215509,FALSE,No tutor,71.92024418863375
112,86.76377558119913,FALSE,No tutor,74.48169299174678
113,73.75081756685455,FALSE,No tutor,48.36451064942078
114,55.603236690089815,TRUE,Tutor,73.09287069412642
115,73.24793242569066,FALSE,No tutor,69.06035361027799
116,92.11902554031491,FALSE,No tutor,77.42357493118855
117,64.37938350267208,FALSE,No tutor,67.03417783462832
118,95.46481026772229,FALSE,No tutor,59.71281785725985
119,83.33121381324564,FALSE,No tutor,57.790868269256414
120,82.64031274794661,FALSE,No tutor,54.33529208942149
121,96.9511365816474,FALSE,No tutor,77.9276966736438
122,58.11044352458965,TRUE,Tutor,63.38051548429384
123,86.60790196556749,FALSE,No tutor,59.18261457210956
124,82.89144281276177,TRUE,Tutor,71.8192933101205
125,65.12882694692695,TRUE,Tutor,66.30854254961139
126,79.5409331067348,FALSE,No tutor,72.71286921683458
127,67.89946348750205,FALSE,No tutor,56.45271479534135
128,70.33336258318415,FALSE,No tutor,61.53522450741246
129,72.80215346705099,FALSE,No tutor,66.16147974049605
130,68.06298734530031,TRUE,Tutor,74.10497934316146
131,71.38740154941505,FALSE,No tutor,58.748386402218216
132,83.4866982153814,FALSE,No tutor,62.49866157928981
133,76.099970863836,FALSE,No tutor,54.01486766186122
134,75.67139167524815,FALSE,No tutor,59.85724208386247
135,81.46609948144308,FALSE,No tutor,62.09611827685876
136,91.08841393865194,FALSE,No tutor,74.16486474143517
137,89.32341518891465,FALSE,No tutor,68.85226907229415
138,83.66152888417314,FALSE,No tutor,61.24929211735032
139,89.0932313312744,FALSE,No tutor,82.08275987760334
140,81.84673449255949,TRUE,Tutor,76.66254627776905
141,83.98761214119776,FALSE,No tutor,66.6679722939132
142,80.69536028715936,FALSE,No tutor,67.165337912018
143,70.17229638774619,FALSE,No tutor,59.682671219817266
144,65.40756508824556,TRUE,Tutor,79.56733697867557
145,35.92486064760146,TRUE,Tutor,50.16061448974667
146,78.90674853502779,FALSE,No tutor,64.42969914261353
147,82.70672991326897,TRUE,Tutor,80.00167308222888
148,77.04534597235848,FALSE,No tutor,66.5969288475394
149,82.87219997147834,FALSE,No tutor,65.50121249145404
150,96.37479151568884,FALSE,No tutor,73.73923399693774
151,44.09561158322936,TRUE,Tutor,61.498411034650644
152,88.99199865919529,FALSE,No tutor,66.89948318063924
153,91.71027966222547,FALSE,No tutor,65.00669000899286
154,73.58579194101526,FALSE,No tutor,54.81292380084639
155,78.32960744331393,FALSE,No tutor,55.9878721462855
156,99.14065744959582,FALSE,No tutor,67.83245115791843
157,79.40418999481246,FALSE,No tutor,67.35177572104814
158,70.03080637283254,FALSE,No tutor,60.20980062715395
159,58.313526652017146,FALSE,No tutor,43.3334655263319
160,51.25367177182898,TRUE,Tutor,55.55723446299335
161,85.21203393725378,TRUE,Tutor,74.79878884194075
162,63.53662598562274,TRUE,Tutor,55.63045769153179
163,80.92728963694805,TRUE,Tutor,80.03737514343126
164,85.57961623980916,TRUE,Tutor,77.59191238108865
165,99.31770339663863,FALSE,No tutor,76.55945584494224
166,88.48624016528912,FALSE,No tutor,68.17360911048561
167,68.46337562391851,TRUE,Tutor,70.36007144439297
168,68.18437217810053,FALSE,No tutor,48.371709542562414
169,65.50954894739884,TRUE,Tutor,66.68182881449044
170,90.27356401495464,FALSE,No tutor,69.60777252194326
171,74.93270806682621,FALSE,No tutor,67.40553437167551
172,97.47134322811345,FALSE,No tutor,76.86162439420544
173,68.51921688924261,TRUE,Tutor,79.33705634799168
174,63.71388429000494,TRUE,Tutor,63.521920497903885
175,74.5127794840158,FALSE,No tutor,55.077120311695154
176,63.61913495145497,TRUE,Tutor,63.54418029090641
177,72.1021618499021,FALSE,No tutor,58.39379722042038
178,62.170815057431525,TRUE,Tutor,64.52847092968057
179,52.86741234100598,TRUE,Tutor,60.87123275072287
180,77.22611660567837,FALSE,No tutor,49.24827002713736
181,91.62968633181988,FALSE,No tutor,68.12358976125871
182,69.94356779790598,TRUE,Tutor,57.7071078504182
183,83.79775350242119,FALSE,No tutor,63.21182304740447
184,41.592669260594164,TRUE,Tutor,51.79866698772468
185,95.21420726592763,FALSE,No tutor,76.58465724599155
186,84.00536441214805,FALSE,No tutor,67.46709778263718
187,69.86112281584346,TRUE,Tutor,73.61417805411224
188,80.21661693972867,TRUE,Tutor,72.00272381855842
189,86.40914284504487,FALSE,No tutor,64.87298965764026
190,82.47927049203373,FALSE,No tutor,60.17372682949621
191,65.29426076570584,TRUE,Tutor,74.09602525189533
192,64.5793473428375,TRUE,Tutor,68.34612654880621
193,72.5724683995726,TRUE,Tutor,57.46004686514439
194,87.03968564681229,FALSE,No tutor,72.10150158658874
195,64.17390444394366,TRUE,Tutor,69.76601705199832
196,87.3218069688907,FALSE,No tutor,63.59760484023842
197,74.4946968397575,FALSE,No tutor,66.67984355873755
198,82.75659979751383,FALSE,No tutor,56.575376221606156
199,82.0502318186581,TRUE,Tutor,72.58091758051384
200,89.95977547017749,FALSE,No tutor,69.27373827113257
201,75.75909063815128,FALSE,No tutor,73.06395308799692
202,71.95422285766969,FALSE,No tutor,63.59088494660648
203,91.30523500236394,FALSE,No tutor,52.969986429324855
204,81.76286996797305,TRUE,Tutor,78.04836790127902
205,77.27967370157717,FALSE,No tutor,58.188546895538686
206,66.10327132626593,TRUE,Tutor,78.23126547984941
207,76.77189766471575,FALSE,No tutor,57.44765873343323
208,70.0405837999153,TRUE,Tutor,57.32197078802879
209,91.48408918823478,FALSE,No tutor,80.6999464546675
210,63.36877060004626,TRUE,Tutor,59.52079102891686
211,63.18305175948098,FALSE,No tutor,53.91758619981947
212,73.26896881790739,FALSE,No tutor,64.38572506010617
213,45.72326523963824,TRUE,Tutor,64.86565947967838
214,70.2259077579605,FALSE,No tutor,61.019239295237256
215,73.02489707394065,FALSE,No tutor,68.97932513744382
216,72.95395188247072,FALSE,No tutor,51.93724099961204
217,69.54821626903743,TRUE,Tutor,70.65534218033082
218,54.327338981116604,TRUE,Tutor,51.48732765687912
219,69.22578340864796,TRUE,Tutor,69.79446275658594
220,64.50920671673909,TRUE,Tutor,72.55074449395241
221,91.81857974869978,FALSE,No tutor,79.82842994436388
222,83.39477146921479,FALSE,No tutor,75.78907905429048
223,92.54449089715524,FALSE,No tutor,72.41867824642938
224,73.14596957241892,FALSE,No tutor,73.48915799231482
225,70.21484313376183,FALSE,No tutor,70.13862181284462
226,56.628508261820585,TRUE,Tutor,64.68147652355756
227,83.09754194080745,FALSE,No tutor,52.0600953428066
228,75.00620199243339,FALSE,No tutor,61.55799801456264
229,96.07937207344712,FALSE,No tutor,73.01138831525682
230,71.56709747395085,FALSE,No tutor,59.21748691359503
231,87.11818116823405,TRUE,Tutor,72.88380218715926
232,81.52534875788065,FALSE,No tutor,77.711015726985
233,70.62833627300992,FALSE,No tutor,59.94204677996835
234,64.42967015975366,TRUE,Tutor,62.1263601959814
235,82.47775109668879,FALSE,No tutor,67.54361480146267
236,64.33588246924683,TRUE,Tutor,65.3628340155114
237,86.93922792654188,TRUE,Tutor,70.88615124532501
238,60.97462036617822,TRUE,Tutor,66.62281108229222
239,77.88091256609344,FALSE,No tutor,60.2397355736845
240,71.95636076795432,FALSE,No tutor,71.18137537978762
241,68.84274733225502,TRUE,Tutor,70.85507538923883
242,87.51081538156505,FALSE,No tutor,64.06380369293328
243,60.84737473911912,TRUE,Tutor,64.1312343068877
244,88.7179283781494,FALSE,No tutor,78.44495712243
245,71.94952088922034,FALSE,No tutor,61.50262479456876
246,89.08467943254503,FALSE,No tutor,63.800052109232254
247,81.62977156012849,FALSE,No tutor,70.93211568159133
248,94.8847064118077,FALSE,No tutor,69.3766789828331
249,75.55192969816382,FALSE,No tutor,57.970092717766626
250,56.36900554192977,TRUE,Tutor,54.851386214915266
251,74.55464046566497,FALSE,No tutor,57.4130623832421
252,96.09467114397965,FALSE,No tutor,71.08230552962492
253,86.58022785824465,FALSE,No tutor,78.35219482491198
254,92.14475774007441,FALSE,No tutor,74.83037071426543
255,83.34286985511493,TRUE,Tutor,72.97713429498552
256,71.26506866967658,FALSE,No tutor,66.9749233510812
257,71.95430242972901,FALSE,No tutor,58.402570401635025
258,86.09384744976691,FALSE,No tutor,68.77385303254741
259,90.15207548034995,FALSE,No tutor,59.075303377192306
260,80.64040124180369,FALSE,No tutor,65.58496644561158
261,55.70895225061009,TRUE,Tutor,65.76383756634614
262,77.37971788561549,FALSE,No tutor,65.66933535053661
263,86.91495078509182,FALSE,No tutor,74.67103916967824
264,85.15683369526784,FALSE,No tutor,56.31548477512105
265,84.417465647933,FALSE,No tutor,65.89601339557973
266,62.10406490696009,TRUE,Tutor,70.46527609105956
267,42.257712299225105,TRUE,Tutor,52.88671575318197
268,69.40622853512708,TRUE,Tutor,62.42298627321366
269,84.08476177348312,TRUE,Tutor,80.19289914801682
270,78.44028632681888,FALSE,No tutor,66.53059394856172
271,85.00309044204093,FALSE,No tutor,67.9611147563657
272,80.1829364115961,FALSE,No tutor,76.991687808357
273,85.87016614771017,TRUE,Tutor,76.7010824042247
274,86.89267758669334,FALSE,No tutor,68.112336128531
275,75.28734343344576,FALSE,No tutor,64.63484916416448
276,77.3701873741741,TRUE,Tutor,80.78617578557527
277,85.1578131199294,FALSE,No tutor,70.9823345248049
278,95.06003913096573,FALSE,No tutor,71.45805428949691
279,77.27034141985905,FALSE,No tutor,67.97085287753816
280,87.6862802033081,FALSE,No tutor,73.698878207635
281,53.702003333907975,TRUE,Tutor,60.629561176956884
282,90.14634200179009,FALSE,No tutor,72.2363318099217
283,52.46850994740486,TRUE,Tutor,64.88443846702683
284,86.91512321413343,FALSE,No tutor,65.12097370993439
285,72.47953770255805,FALSE,No tutor,59.40523739375562
286,58.66955832991049,TRUE,Tutor,71.75523789021804
287,85.33810677593807,FALSE,No tutor,76.80112180842987
288,67.00081638441274,TRUE,Tutor,63.54199986630752
289,79.21614885579746,FALSE,No tutor,70.58059852543582
290,91.80865189863646,FALSE,No tutor,77.60440067038738
291,81.98349511623657,FALSE,No tutor,55.250162012822074
292,81.16248011408133,FALSE,No tutor,64.98289917311521
293,88.78490163142449,FALSE,No tutor,73.36886601832995
294,78.66914252594212,FALSE,No tutor,52.965256412883235
295,71.7359714148566,FALSE,No tutor,52.43891445508187
296,57.17663552068822,TRUE,Tutor,70.63218014610167
297,51.972312634117046,TRUE,Tutor,65.41860971072535
298,76.04872449795107,FALSE,No tutor,60.4688010910086
299,51.38361117817502,TRUE,Tutor,69.73934137912349
300,88.21231180877305,TRUE,Tutor,81.97098077386471
301,98.32367733567831,FALSE,No tutor,74.27333837762336
302,84.73881195203296,FALSE,No tutor,67.87701755151687
303,85.30180485104725,FALSE,No tutor,65.86482092287665
304,98.24513196074167,FALSE,No tutor,72.66418509519562
305,66.82121156421216,TRUE,Tutor,60.84297239729793
306,88.42325985016058,FALSE,No tutor,69.62397467835794
307,81.33956817375442,FALSE,No tutor,71.5808627798026
308,95.09458646290575,FALSE,No tutor,73.48092652970433
309,89.40769791510773,FALSE,No tutor,71.30598893128786
310,79.6060185518027,TRUE,Tutor,74.49242987859978
311,57.74767347518962,FALSE,No tutor,40.88782429493599
312,28.83980479105292,TRUE,Tutor,44.73677323707084
313,77.86527872969697,TRUE,Tutor,64.31842601307672
314,80.224687856371375,FALSE,No tutor,49.370952467652
315,85.22333643385174,TRUE,Tutor,86.65845274328854
316,43.388614641710184,TRUE,Tutor,61.80782187735103
317,93.03128370576329,FALSE,No tutor,75.60745090366945
318,72.18827312032742,FALSE,No tutor,63.43814935447797
319,78.5436057746278,TRUE,Tutor,77.09501891887018
320,86.4316188145049,FALSE,No tutor,64.46467517926612
321,94.6087305018507,FALSE,No tutor,80.79253011346734
322,73.63108962476394,FALSE,No tutor,65.70805624081436
323,78.43450321958892,FALSE,No tutor,68.31271161081975
324,89.00802753487825,FALSE,No tutor,72.31470368868979
325,75.48269736654201,TRUE,Tutor,77.1627145446536
326,82.06205502942247,FALSE,No tutor,59.5621134234833
327,87.25825339744053,FALSE,No tutor,66.72092568719798
328,68.18130138076583,TRUE,Tutor,78.4010964579709
329,82.8583096720472,FALSE,No tutor,58.45776676539471
330,96.436440857371025,FALSE,No tutor,74.91728253278563
331,99.00593981110713,FALSE,No tutor,68.04073455568725
332,86.10142893347287,FALSE,No tutor,64.89846755877954
333,60.22913069866021,FALSE,No tutor,50.060804354245576
334,56.4481923499601,TRUE,Tutor,58.333077694552344
335,72.02147098000988,FALSE,No tutor,64.25527324661691
336,94.59436352620713,FALSE,No tutor,74.2050425619301
337,74.14015475077956,TRUE,Tutor,78.58965290180906
338,38.41107777089442,TRUE,Tutor,44.83654382694608
339,99.77554187265713,FALSE,No tutor,77.01586665928545
340,88.39720643995483,FALSE,No tutor,62.34168109853207
341,53.145973568947404,TRUE,Tutor,63.16052427383548
342,67.57055080260169,FALSE,No tutor,46.07393283425979
343,61.45519350185397,FALSE,No tutor,48.60535647688003
344,69.12152873010052,TRUE,Tutor,75.70035766236197
345,67.34771040260365,TRUE,Tutor,69.13874692900143
346,77.53166719595926,FALSE,No tutor,63.67563494858462
347,89.79236591459316,FALSE,No tutor,67.7350674445235
348,92.5678677106228,FALSE,No tutor,75.18127060601614
349,77.16661836572966,FALSE,No tutor,68.09081422312065
350,84.08039658402268,FALSE,No tutor,69.03383674203954
351,89.62202832649268,TRUE,Tutor,70.10863097949294
352,69.95641855065493,TRUE,Tutor,74.39358195952903
353,75.10046791296311,TRUE,Tutor,72.11551554661027
354,91.69076838838221,FALSE,No tutor,76.29278213093141
355,85.32611345871139,FALSE,No tutor,72.13227682975665
356,79.00745648387216,FALSE,No tutor,73.29518359450495
357,93.92631878445629,FALSE,No tutor,65.50204718328193
358,82.19398104566335,TRUE,Tutor,72.79434019723557
359,87.59197894015382,FALSE,No tutor,74.71895915348948
360,97.71994982683778,FALSE,No tutor,65.67817935890525
361,82.18152705078492,FALSE,No tutor,79.57762784633175
362,85.52987330279403,FALSE,No tutor,57.81677388604871
363,86.38425535722331,FALSE,No tutor,57.52736508878495
364,66.93219276785715,TRUE,Tutor,67.25896848948202
365,75.29642994655555,FALSE,No tutor,66.51030297920825
366,92.64814945094369,FALSE,No tutor,78.90349394837932
367,70.84894821841142,FALSE,No tutor,66.65252590371868
368,79.50387874474968,FALSE,No tutor,69.39228453917885
369,74.87043719143777,FALSE,No tutor,67.14001288586314
370,64.63044211083968,FALSE,No tutor,48.87073494979566
371,75.81041955943026,TRUE,Tutor,78.3311733053583
372,38.781863879801904,TRUE,Tutor,54.779915746832934
373,75.78210612849894,TRUE,Tutor,72.01359550153883
374,92.78378256332296,FALSE,No tutor,67.49584149377566
375,92.53643267383255,FALSE,No tutor,77.86683368222
376,96.823398553417,FALSE,No tutor,78.96255009659541
377,88.70213321258122,FALSE,No tutor,72.5132997298842
378,87.99810820912019,FALSE,No tutor,65.52020380742997
379,86.42532013608381,FALSE,No tutor,68.94346227678874
380,63.0090482866089,TRUE,Tutor,74.17171520194061
381,92.93865487095712,FALSE,No tutor,72.14620995095514
382,77.38785645392656,FALSE,No tutor,60.50310898842772
383,68.47834530715443,TRUE,Tutor,71.95025407943282
384,79.9888980067962,FALSE,No tutor,71.27450771384278
385,74.76631602580183,FALSE,No tutor,69.02763927609877
386,90.06986658492595,FALSE,No tutor,71.7135817320926
387,93.04496296008267,FALSE,No tutor,68.75425951542421
388,72.96690314229551,FALSE,No tutor,53.193345401833525
389,83.90719231686487,FALSE,No tutor,75.84568195890085
390,71.8329219825253,TRUE,Tutor,76.64122226583686
391,71.08224434257345,TRUE,Tutor,82.6015969913268
392,45.41478875661703,TRUE,Tutor,56.83770917859213
393,83.89084690116987,FALSE,No tutor,60.9475521091534
394,62.11968849466432,TRUE,Tutor,64.02217261397293
395,86.94024272528705,FALSE,No tutor,57.79734317871102
396,94.3755115730053,FALSE,No tutor,67.35881275160912
397,92.36430801526059,FALSE,No tutor,75.48565766763878
398,80.17007239512648,FALSE,No tutor,52.41094674627716
399,75.97291160165165,FALSE,No tutor,59.36436894578145
400,88.62690700332233,FALSE,No tutor,64.5320764703117
401,73.67381965846026,FALSE,No tutor,68.32888752520427
402,63.68507162129671,TRUE,Tutor,68.73971177187879
403,93.10296698769208,FALSE,No tutor,79.82124795138323
404,96.92258535368597,FALSE,No tutor,74.02374221512906
405,92.90547272029343,FALSE,No tutor,59.52626655634303
406,89.50231037764715,FALSE,No tutor,73.15416080097128
407,82.29711310371913,FALSE,No tutor,65.63570518353838
408,58.931316907774175,TRUE,Tutor,57.86130575875338
409,72.85867704980305,FALSE,No tutor,71.59479731398625
410,85.93172242890559,TRUE,Tutor,87.0380577700333
411,78.44364967262159,TRUE,Tutor,80.74917548639758
412,85.15251483761226,FALSE,No tutor,65.15268296848296
413,54.35652515557362,TRUE,Tutor,61.544313032534106
414,53.28665903870292,TRUE,Tutor,50.804591966817306
415,92.07353421431799,FALSE,No tutor,79.37673861106957
416,88.02267381837929,FALSE,No tutor,72.2837400803138
417,95.67346080104757,FALSE,No tutor,63.49635166684605
418,69.90910991884466,TRUE,Tutor,74.62256988485319
419,73.6146609851791,FALSE,No tutor,63.73036241508676
420,89.02537008257174,FALSE,No tutor,70.55125535723523
421,64.25398360591771,TRUE,Tutor,66.82580738909459
422,94.0692019443178,FALSE,No tutor,68.67068827059855
423,91.6172418032969,FALSE,No tutor,64.95758820654129
424,78.49166797460241,FALSE,No tutor,58.481537978033174
425,68.06202924105158,TRUE,Tutor,62.81979634712505
426,62.904771577506246,TRUE,Tutor,72.95861983368047
427,56.38689508576965,TRUE,Tutor,63.44020573273988
428,92.55119335842161,FALSE,No tutor,82.89949622269783
429,63.4035861431733,TRUE,Tutor,64.9902666236581
430,79.553375599755,FALSE,No tutor,71.78007123390938
431,81.59579665486015,FALSE,No tutor,76.35584965195326
432,94.72281118485091,FALSE,No tutor,81.70121078966397
433,68.37649274728224,TRUE,Tutor,64.64519781225616
434,71.24734805557296,FALSE,No tutor,58.12044884393811
435,78.07146741783428,FALSE,No tutor,58.3132239559599
436,91.11704204061756,FALSE,No tutor,74.4818665626336
437,89.00584244262879,FALSE,No tutor,68.05586510827692
438,77.98843002418624,FALSE,No tutor,60.64217767586373
439,54.93484517930756,TRUE,Tutor,63.12607529283362
440,83.31210102896247,FALSE,No tutor,74.26543605812665
441,89.34038010234076,TRUE,Tutor,69.91687335757223
442,68.32420120816262,TRUE,Tutor,61.57733063855565
443,69.74958696781735,TRUE,Tutor,71.30879091386166
444,47.15950724853117,TRUE,Tutor,59.56413186402721
445,42.41009993939926,TRUE,Tutor,58.51433994546733
446,80.08245057215211,FALSE,No tutor,67.03851342017845
447,77.75577961562585,TRUE,Tutor,74.27784549138852
448,87.23135329599731,FALSE,No tutor,68.52785019685287
449,89.10197578603156,FALSE,No tutor,67.6674231942781
450,83.0707561946614,FALSE,No tutor,73.20427559761654
451,73.72856883935526,FALSE,No tutor,72.79487352344152
452,78.23314074439705,TRUE,Tutor,76.82287471571965
453,74.22768221982807,FALSE,No tutor,56.3428197914377
454,74.26371825216205,FALSE,No tutor,68.96241162739142
455,63.286408484487175,TRUE,Tutor,66.52477792518002
456,82.02828064844937,FALSE,No tutor,67.28446988097441
457,37.2400150933999,TRUE,Tutor,64.12204992919564
458,69.5321464776778,TRUE,Tutor,75.98594826590279
459,92.2977175704173,FALSE,No tutor,62.89631960956845
460,82.07825720657772,TRUE,Tutor,83.93356937884873
461,67.85306320093338,TRUE,Tutor,74.32956296805347
462,83.94271717621957,TRUE,Tutor,82.33303446070715
463,71.43878939111832,FALSE,No tutor,50.06239563270999
464,47.32921854952958,TRUE,Tutor,60.126020782210546
465,86.94600176844037,FALSE,No tutor,63.897162612940235
466,78.0591024795739,FALSE,No tutor,57.537705236405586
467,85.94456450206593,FALSE,No tutor,70.82345571158262
468,91.73931367459846,FALSE,No tutor,78.60645893586741
469,96.50323062291875,FALSE,No tutor,71.8991700692465
470,74.32719715762045,FALSE,No tutor,64.85965823084994
471,65.93710512538307,FALSE,No tutor,45.32840812099522
472,65.0711336088368,TRUE,Tutor,71.3758523105732
473,93.80086701120563,FALSE,No tutor,74.24854385879487
474,91.76119486005129,FALSE,No tutor,65.17877494210933
475,91.85938890378502,FALSE,No tutor,75.75086686547756
476,87.3713817417803,FALSE,No tutor,68.8256722058894
477,74.79469984754722,TRUE,Tutor,68.32008390079268
478,66.09850182497773,TRUE,Tutor,71.07395355241201
479,57.21664566951673,TRUE,Tutor,71.82049205109352
480,65.62286667518293,FALSE,No tutor,55.288999367186946
481,87.5096899687803,FALSE,No tutor,70.87736217799653
482,91.27064380840699,FALSE,No tutor,82.60035371391416
483,82.4121378550506,TRUE,Tutor,74.041098805686
484,75.91446424093161,FALSE,No tutor,61.91340718094709
485,63.07894477971981,TRUE,Tutor,70.42097700567277
486,89.10906685193221,TRUE,Tutor,80.89772683103516
487,72.51367334608577,FALSE,No tutor,65.35103261625528
488,46.4149201244732,TRUE,Tutor,53.65298877870329
489,89.64179539192696,FALSE,No tutor,79.93098514674104
490,81.29080972552428,FALSE,No tutor,72.33850086534295
491,96.12151535312677,FALSE,No tutor,76.40959058865867
492,72.57807328873464,FALSE,No tutor,48.64007492021174
493,86.82345404453426,TRUE,Tutor,79.60503623272916
494,89.87572145296329,FALSE,No tutor,77.0421130132819
495,88.38240528954246,FALSE,No tutor,55.68611649397084
496,69.38851603724376,FALSE,No tutor,61.45675885371125
497,97.77055463078564,FALSE,No tutor,69.33015124271643
498,84.13501428796482,TRUE,Tutor,67.38187471223594
499,90.72475509071161,FALSE,No tutor,67.02770417775542
500,90.23725190762595,FALSE,No tutor,58.78650956519324
501,68.7470309607422,TRUE,Tutor,75.03389193756068
502,71.30279909570439,FALSE,No tutor,71.85845126242737
503,79.518642853166,TRUE,Tutor,81.58187148376193
504,67.37683982729537,TRUE,Tutor,72.98738235228365
505,86.36075233728239,FALSE,No tutor,66.31512092793167
506,97.26037130549028,FALSE,No tutor,77.14533524093481
507,81.40815790794218,FALSE,No tutor,60.877691091064605
508,83.32075176486453,FALSE,No tutor,63.236866754864195
509,75.02637562342198,FALSE,No tutor,56.84567334639914
510,69.77583197116235,FALSE,No tutor,46.88856832455347
511,57.92064397162393,TRUE,Tutor,73.32359318756475
512,76.99577918593053,TRUE,Tutor,65.20731838078157
513,85.15571180486064,TRUE,Tutor,79.59432519581853
514,82.41864895378117,FALSE,No tutor,71.94845331002564
515,60.6146335057513,TRUE,Tutor,76.32274198451205
516,89.11304477720134,FALSE,No tutor,75.59004972381315
517,90.15527696350503,FALSE,No tutor,72.34410795472445
518,72.06665560700232,FALSE,No tutor,72.70472083034744
519,65.68742979279017,TRUE,Tutor,70.55054011312677
520,61.571964261446425,FALSE,No tutor,51.59240743910645
521,77.57749563693615,TRUE,Tutor,82.47865094963122
522,80.66813094083723,TRUE,Tutor,75.3719179574904
523,53.019730523501075,TRUE,Tutor,70.45214078431628
524,91.91249691181915,FALSE,No tutor,71.35787003819004
525,55.658697462961015,FALSE,No tutor,45.223668836590136
526,86.71640917169545,TRUE,Tutor,86.32110350000404
527,75.48143506206355,FALSE,No tutor,54.72003739588174
528,68.61186207361088,TRUE,Tutor,75.93438395066077
529,75.46676397844921,FALSE,No tutor,67.63404457683443
530,85.18250460560348,FALSE,No tutor,58.82718686106624
531,74.7470798544833,FALSE,No tutor,68.20537508608052
532,88.97370818978176,FALSE,No tutor,76.19737553341062
533,86.99516996696974,FALSE,No tutor,54.61044639334989
534,54.39816541204736,FALSE,No tutor,53.93078344153044
535,71.41692310304035,FALSE,No tutor,44.057391733295944
536,89.60023230019594,TRUE,Tutor,80.33240526522087
537,77.67271386449846,FALSE,No tutor,69.6447630651255
538,66.04871641888388,TRUE,Tutor,72.91032173854458
539,89.44487886614401,FALSE,No tutor,57.45577022473475
540,83.52353839312802,FALSE,No tutor,62.309847887208896
541,56.08077485017493,TRUE,Tutor,57.695715818988226
542,84.57609312809134,TRUE,Tutor,77.38729165887376
543,95.5157009592658,FALSE,No tutor,71.30192362176643
544,69.82037936544924,TRUE,Tutor,73.5310884595627
545,94.00557203563352,FALSE,No tutor,62.193177364664635
546,94.31576957842267,FALSE,No tutor,74.61834113753545
547,76.57627960866196,FALSE,No tutor,58.429811796170284
548,76.81398285673279,FALSE,No tutor,50.46965634838633
549,78.32055491363336,TRUE,Tutor,74.52531856151339
550,72.4302922984343,FALSE,No tutor,72.1901625435297
551,87.19322480072488,TRUE,Tutor,83.05358552177796
552,75.71017240344797,FALSE,No tutor,57.94015722448624
553,85.28343528125045,FALSE,No tutor,57.203155923841095
554,78.89735708286992,FALSE,No tutor,62.78645500226989
555,91.91769262160382,FALSE,No tutor,63.857869298492965
556,79.64829169404115,FALSE,No tutor,56.77963489090756
557,76.00604927265117,FALSE,No tutor,54.179810138337714
558,87.51954647972214,FALSE,No tutor,62.4814593705063
559,77.07982593784814,TRUE,Tutor,75.00559289070156
560,86.91192340720637,FALSE,No tutor,59.663991362148934
561,86.85638282061419,FALSE,No tutor,72.15893238030836
562,81.01766352985645,FALSE,No tutor,62.68766071739687
563,68.39798146643332,TRUE,Tutor,72.96566788525661
564,81.03111560532042,FALSE,No tutor,61.5993476003057
565,74.41696370406125,FALSE,No tutor,58.093428031083235
566,56.78362514001194,TRUE,Tutor,64.20760494373722
567,82.20193771557082,FALSE,No tutor,65.88700494098858
568,79.46485719614267,FALSE,No tutor,61.19269812165311
569,67.95429025601504,TRUE,Tutor,76.72854079933349
570,92.8164763390786,FALSE,No tutor,62.65301534751576
571,67.23701222063201,TRUE,Tutor,66.4560477838581
572,85.5409723355642,TRUE,Tutor,73.24463506790352
573,91.83287164703445,FALSE,No tutor,72.21667388969084
574,96.10377915437984,FALSE,No tutor,84.48338286181433
575,87.66838304763483,FALSE,No tutor,62.54923756621252
576,92.104453000958,FALSE,No tutor,73.02908276157702
577,92.17311525176636,FALSE,No tutor,65.95282263858269
578,92.44958664803161,FALSE,No tutor,79.11810401870453
579,67.20548697744918,FALSE,No tutor,46.78606466304368
580,89.4755884010537,TRUE,Tutor,82.49865860741156
581,86.46973024920392,FALSE,No tutor,68.68766259897595
582,83.93128335685283,FALSE,No tutor,70.89111961122151
583,74.42218854174588,FALSE,No tutor,65.90187310102674
584,83.08990897851143,FALSE,No tutor,74.40668172202444
585,60.51524947274971,TRUE,Tutor,64.2583891032956
586,82.30811932450767,FALSE,No tutor,62.28033435280821
587,97.7802724321635,FALSE,No tutor,75.31903253344214
588,79.34744759550141,FALSE,No tutor,67.68759034995581
589,96.51736893315484,FALSE,No tutor,69.89634772490149
590,57.64197526529296,TRUE,Tutor,69.0223344853804
591,88.03118961636082,FALSE,No tutor,73.3391966434198
592,91.6365638325977,FALSE,No tutor,78.79192030527884
593,86.23345890528753,FALSE,No tutor,63.21752131827553
594,66.30854737767203,TRUE,Tutor,73.00934921591032
595,73.22750504713967,FALSE,No tutor,52.928703414724126
596,90.33418809940218,FALSE,No tutor,71.44144467459613
597,77.91997672708321,FALSE,No tutor,63.941104239495054
598,66.66054513909162,TRUE,Tutor,73.50904622699348
599,41.30306546903029,TRUE,Tutor,53.38947229681982
600,75.54024771323891,FALSE,No tutor,62.71318888325138
601,87.51321684185616,FALSE,No tutor,80.04777252283152
602,82.45835498664505,FALSE,No tutor,61.24480514334388
603,61.00070832329876,TRUE,Tutor,78.41171878022327
604,57.82231644792195,TRUE,Tutor,66.76409491307402
605,69.16822664576605,TRUE,Tutor,80.09816191602576
606,81.08577746735584,FALSE,No tutor,63.1699932356578
607,92.6046051434278,FALSE,No tutor,57.51537166165501
608,83.25920102751083,TRUE,Tutor,72.42016435695356
609,85.69292081407497,FALSE,No tutor,56.646641295052895
610,71.77871223237197,FALSE,No tutor,67.66378885621934
611,64.09349697324882,TRUE,Tutor,61.788999222050954
612,92.05155857251731,FALSE,No tutor,69.56823774239993
613,84.44147292100537,FALSE,No tutor,66.31422986937253
614,75.34268558142028,FALSE,No tutor,53.22585046737556
615,83.43781510726392,TRUE,Tutor,79.73242248726586
616,92.40318537593487,FALSE,No tutor,73.90146205591773
617,99.02287910524976,FALSE,No tutor,78.57914719444521
618,78.19506230664909,FALSE,No tutor,73.09203902839224
619,78.34793085378331,FALSE,No tutor,63.59661244587845
620,37.02469833543228,TRUE,Tutor,53.81572009021992
621,97.14855763545664,FALSE,No tutor,67.52507147073008
622,87.067454281798,FALSE,No tutor,70.17514396697983
623,59.154293455712924,TRUE,Tutor,71.0301625617922
624,71.49112679833415,FALSE,No tutor,61.73557717782394
625,75.67150102744813,TRUE,Tutor,69.152839368209
626,86.58292059142171,FALSE,No tutor,66.08346063977316
627,74.22642510663484,TRUE,Tutor,63.030078333962415
628,81.48501593344808,FALSE,No tutor,50.018200395188316
629,75.81578908558977,TRUE,Tutor,57.879306790161266
630,86.06923850372664,FALSE,No tutor,71.25280520151301
631,46.33775314614348,TRUE,Tutor,58.78312891383821
632,83.34924898801482,FALSE,No tutor,69.40449523781712
633,82.47382135227616,FALSE,No tutor,67.77424127745505
634,83.1169369684565,FALSE,No tutor,62.86915547592064
635,82.40829019030582,FALSE,No tutor,69.76491920425832
636,76.09969405631385,FALSE,No tutor,70.99999926529594
637,70.70508171676877,FALSE,No tutor,62.17274516144841
638,64.15504001412921,TRUE,Tutor,54.37457561197439
639,81.94870213437045,FALSE,No tutor,49.740769113061745
640,89.90086106391712,FALSE,No tutor,72.96767531407036
641,94.05671911847588,FALSE,No tutor,65.0372400487999
642,77.06147141031909,FALSE,No tutor,64.52604357865174
643,76.88204509453416,FALSE,No tutor,64.3784464451825
644,75.88572489387788,TRUE,Tutor,77.8356320132175
645,79.3912217319255,TRUE,Tutor,84.81704275981147
646,75.9925993990912,FALSE,No tutor,56.23800703978018
647,76.16822655465685,FALSE,No tutor,74.16379801697181
648,88.08065764290421,FALSE,No tutor,71.65592546151856
649,70.42304210186703,FALSE,No tutor,46.5641524521483
650,91.4290795909689,FALSE,No tutor,69.87332109707268
651,94.2728464241006,FALSE,No tutor,70.60233907975507
652,79.76551591856229,FALSE,No tutor,57.69060625238084
653,91.51177903495072,FALSE,No tutor,62.27732305603975
654,66.40601423410523,TRUE,Tutor,62.987482600396106
655,80.1426754161913,FALSE,No tutor,61.688640205947216
656,88.23485714448735,FALSE,No tutor,56.18630764491441
657,79.56474428595862,FALSE,No tutor,49.76545715483769
658,43.77919278328947,TRUE,Tutor,55.063221523104815
659,79.61959623097424,FALSE,No tutor,66.40042359153367
660,82.82503410634784,FALSE,No tutor,66.31750486494003
661,70.86286980317271,FALSE,No tutor,57.600436483592006
662,55.16054176990186,TRUE,Tutor,67.49556827552357
663,90.92057170846898,FALSE,No tutor,65.11641933969511
664,80.70110539514442,FALSE,No tutor,73.99398179788302
665,53.83698940058201,TRUE,Tutor,42.839875619975395
666,71.50651180118194,TRUE,Tutor,69.37870333833953
667,80.76035375288366,TRUE,Tutor,75.83755600419909
668,93.16122124663553,FALSE,No tutor,67.06426521323368
669,82.10715677553078,FALSE,No tutor,69.12255903780694
670,80.72116366450598,FALSE,No tutor,66.47038849521951
671,79.11706655790219,FALSE,No tutor,64.37529664776501
672,37.9497939961858,TRUE,Tutor,44.26779851222551
673,84.6127070825466,FALSE,No tutor,61.47127073668013
674,95.02751525645823,FALSE,No tutor,71.07381881302304
675,68.2768825702926,TRUE,Tutor,70.44004843840784
676,79.59648496423117,FALSE,No tutor,66.58565573114424
677,81.01627880603158,FALSE,No tutor,74.50400412073151
678,65.15450142145724,TRUE,Tutor,62.34087859410405
679,99.38115886457494,FALSE,No tutor,71.03546929436459
680,85.77243608351243,FALSE,No tutor,75.12458408320765
681,80.243053461807,FALSE,No tutor,66.55613141499539
682,65.85198411206085,TRUE,Tutor,56.713376900622585
683,81.85206786360712,FALSE,No tutor,54.835075177412904
684,90.64483550231063,FALSE,No tutor,78.58804725685795
685,70.88110311204936,TRUE,Tutor,63.674119495941476
686,77.45051804551497,TRUE,Tutor,72.72129444581613
687,75.87146937771561,FALSE,No tutor,59.77875525207624
688,51.612632292936546,TRUE,Tutor,66.98678451733996
689,85.63111782805302,FALSE,No tutor,69.39848740895587
690,92.74598449698235,FALSE,No tutor,83.47400724469765
691,92.98642910079485,FALSE,No tutor,76.8157638126557
692,90.81932667906253,FALSE,No tutor,72.72839959963648
693,93.78422674392984,FALSE,No tutor,60.530929067781514
694,78.59096228630219,FALSE,No tutor,71.62112069378232
695,79.39973997284922,FALSE,No tutor,62.26900512457126
696,61.7570139591186,TRUE,Tutor,65.16898723713373
697,91.52637725953737,FALSE,No tutor,79.80386121071385
698,81.27421384247367,FALSE,No tutor,63.36524326609235
699,66.73997459106566,TRUE,Tutor,54.48659558541126
700,83.18152534124728,FALSE,No tutor,58.57363594255381
701,61.557952169171614,FALSE,No tutor,46.004477331317794
702,63.77882058684074,FALSE,No tutor,58.52170010435108
703,86.7241811175809,FALSE,No tutor,60.18245923742013
704,88.29582944326454,FALSE,No tutor,77.59245038426974
705,80.83896339578143,FALSE,No tutor,66.7605925417451
706,77.66676498797595,FALSE,No tutor,62.97603906222095
707,78.67764737275145,TRUE,Tutor,70.08650562748568
708,85.95084718201733,TRUE,Tutor,71.92831268049189
709,89.8957647462367,FALSE,No tutor,73.36791457110522
710,91.81311985356115,FALSE,No tutor,74.4790534102717
711,58.27051739824596,TRUE,Tutor,66.76429923436797
712,90.46551522757572,FALSE,No tutor,74.36231314845705
713,44.23686981606467,TRUE,Tutor,58.08003285809699
714,80.01570893422945,FALSE,No tutor,57.559193122843176
715,85.59515614721305,FALSE,No tutor,64.00525852844878
716,91.31725917464696,FALSE,No tutor,73.93313158018773
717,78.08698182591553,FALSE,No tutor,69.05726289701565
718,81.43653418971351,FALSE,No tutor,66.52544199308853
719,75.04866424990104,FALSE,No tutor,64.1140834100928
720,86.38354762991543,FALSE,No tutor,57.60625044641773
721,65.30585001530056,FALSE,No tutor,70.4294640681797
722,63.29675376257913,TRUE,Tutor,73.45922563254054
723,53.88951187245116,FALSE,No tutor,46.78532857942014
724,74.28329447316874,FALSE,No tutor,56.61817287828373
725,86.0402833033134,FALSE,No tutor,72.75678322699497
726,79.04559514053712,FALSE,No tutor,66.11805702203563
727,95.33678562723095,FALSE,No tutor,56.90302837285964
728,75.52521729645001,TRUE,Tutor,80.32550589248072
729,84.1371635774455,FALSE,No tutor,64.5112035534608
730,70.19394176762871,FALSE,No tutor,51.076364180200784
731,81.96514645719417,FALSE,No tutor,69.86686375119397
732,93.73670132436177,FALSE,No tutor,79.55663345639398
733,77.15927006660117,FALSE,No tutor,60.340404325578454
734,93.53627893213108,FALSE,No tutor,68.33379538641624
735,58.71377112634679,TRUE,Tutor,67.53046756307388
736,96.40934747892983,FALSE,No tutor,79.41543746041575
737,80.06417689986743,TRUE,Tutor,83.93130807747757
738,69.10276433169122,TRUE,Tutor,73.90658549425928
739,94.67506770876624,FALSE,No tutor,83.78584214108827
740,89.48113931296433,FALSE,No tutor,66.665636262872
741,85.18160003350772,FALSE,No tutor,74.97976466060149
742,74.92033688042893,FALSE,No tutor,65.27594132167866
743,82.93473702894543,FALSE,No tutor,72.15282983791143
744,90.92977996681763,FALSE,No tutor,67.92266797784728
745,70.12496096024161,FALSE,No tutor,59.00147392891221
746,85.40686568711769,FALSE,No tutor,76.07741503183176
747,68.05802416800421,TRUE,Tutor,66.97193085927066
748,85.1612500499786,FALSE,No tutor,72.47203712951507
749,90.19040227117091,FALSE,No tutor,64.83008807401512
750,79.32228775570405,FALSE,No tutor,59.6666107778776
751,64.83159801960713,TRUE,Tutor,67.6807536573693
752,73.44704547460765,FALSE,No tutor,67.37603172074395
753,78.74889347155673,TRUE,Tutor,77.8684011906666
754,96.94919891853017,FALSE,No tutor,80.52509579719138
755,78.43927111278308,FALSE,No tutor,57.16909824469822
756,89.26435590591265,TRUE,Tutor,79.23893184912049
757,80.97645555446881,FALSE,No tutor,62.76462864938932
758,73.08472862313975,FALSE,No tutor,63.13957988767656
759,94.66696680786451,FALSE,No tutor,70.58802570503849
760,63.22114973010977,FALSE,No tutor,54.51035477170547
761,73.36104955541056,FALSE,No tutor,50.031521315223046
762,56.35293446699535,TRUE,Tutor,61.19117431779067
763,85.57799872939951,FALSE,No tutor,76.89499359257886
764,84.97759905549462,TRUE,Tutor,85.58162791055358
765,90.5546611916078,FALSE,No tutor,77.09042122486834
766,83.27430201587438,TRUE,Tutor,77.40745833089792
767,57.46847853529333,TRUE,Tutor,64.5893932800206
768,57.89047027698388,TRUE,Tutor,53.60999178015251
769,96.41214095723915,FALSE,No tutor,83.68840573227166
770,60.6408414006595,FALSE,No tutor,62.56836894359739
771,54.9854489606162,TRUE,Tutor,73.35034943000474
772,65.57377180992731,TRUE,Tutor,63.567331961806616
773,89.17137118382877,FALSE,No tutor,72.90687987781934
774,54.20572811478508,TRUE,Tutor,67.94975686453157
775,62.92694272658298,TRUE,Tutor,73.4071529030155
776,64.52194567461724,TRUE,Tutor,64.86668768907941
777,83.54339203255475,FALSE,No tutor,62.168895196790984
778,60.03147109171465,TRUE,Tutor,73.57101558662707
779,75.85258241727153,FALSE,No tutor,54.13080977981605
780,78.89184900089882,FALSE,No tutor,60.62569004971482
781,41.78812956819854,TRUE,Tutor,54.02218580533757
782,62.25035953746303,TRUE,Tutor,64.00255450988374
783,84.14867694555296,TRUE,Tutor,73.54562448112857
784,94.466318198199,FALSE,No tutor,63.91288638741594
785,66.22782087636614,TRUE,Tutor,72.01841793819446
786,84.360323942319,FALSE,No tutor,66.8208791942948
787,58.60168769415372,TRUE,Tutor,71.80032742020738
788,68.89278371597788,TRUE,Tutor,67.06769577587234
789,77.4066022280588,FALSE,No tutor,73.13153628476326
790,79.17036290518867,TRUE,Tutor,72.88362081650874
791,83.26831713176952,FALSE,No tutor,58.29798126112926
792,74.25322216183835,TRUE,Tutor,85.13493927992474
793,91.57579726090947,FALSE,No tutor,75.07357106517058
794,64.2831439931888,TRUE,Tutor,72.69226302703771
795,83.71534744013556,FALSE,No tutor,76.21263778098832
796,87.99029799376792,FALSE,No tutor,65.25132926605556
797,82.78070606160367,FALSE,No tutor,71.60675819515909
798,96.05223020473537,FALSE,No tutor,60.01513113867089
799,83.09732294513769,FALSE,No tutor,57.22927448979807
800,75.94136828782734,FALSE,No tutor,56.2246056946413
801,85.57449603405671,TRUE,Tutor,74.87679199139669
802,83.94557268196124,FALSE,No tutor,63.87726351214597
803,70.68133374241275,FALSE,No tutor,55.12293229476012
804,73.82226141337073,FALSE,No tutor,59.489450555299044
805,87.20089148733423,FALSE,No tutor,75.92452113126944
806,66.70993940237977,TRUE,Tutor,69.94957455067329
807,74.62404955603968,FALSE,No tutor,55.70662260101291
808,63.962243265000055,TRUE,Tutor,75.5577648431096
809,93.34466701637056,FALSE,No tutor,70.95365343093101
810,80.84127322752472,FALSE,No tutor,65.16623810965082
811,85.46700198154575,FALSE,No tutor,71.5145264002323
812,90.90170031797547,FALSE,No tutor,60.36841684990574
813,61.89282159597759,TRUE,Tutor,69.40404483603278
814,68.94559036588046,TRUE,Tutor,71.23123687564431
815,92.55868727406119,FALSE,No tutor,64.0276607315756
816,93.79345576073224,FALSE,No tutor,77.77887751400503
817,95.90066266705165,FALSE,No tutor,74.69575736308866
818,76.02185824299205,FALSE,No tutor,63.54641991101344
819,91.86045348305709,FALSE,No tutor,63.33107646929717
820,83.4835864526809,FALSE,No tutor,53.21929936497577
821,83.0962329743068,FALSE,No tutor,51.69076357172265
822,71.88033154883122,TRUE,Tutor,72.67321906189568
823,91.71525392279344,FALSE,No tutor,62.92102153578691
824,79.3409994603287,TRUE,Tutor,80.85985911578047
825,88.02034946472955,FALSE,No tutor,72.97446759586224
826,74.0426804331749,FALSE,No tutor,69.59384998403581
827,89.10520995985493,TRUE,Tutor,74.65546362238106
828,77.28529308073682,FALSE,No tutor,57.48793929889541
829,65.89547389161018,TRUE,Tutor,66.21193362079714
830,90.54924452242888,FALSE,No tutor,75.74837378696415
831,81.12074247339955,TRUE,Tutor,73.16946029025328
832,71.45834582670142,FALSE,No tutor,68.90382291596788
833,79.23856737173921,FALSE,No tutor,75.54392992089183
834,97.01350038356894,FALSE,No tutor,77.22716385343463
835,62.277295296668186,TRUE,Tutor,69.21943367918874
836,77.5354542138336,FALSE,No tutor,70.43278541751343
837,79.38860783094698,FALSE,No tutor,76.60275332043665
838,69.89667334468761,TRUE,Tutor,73.11844535457095
839,81.22570943264115,FALSE,No tutor,61.22421369816995
840,90.496626185145,FALSE,No tutor,63.6242605952454
841,87.00143590960444,FALSE,No tutor,54.485836373077284
842,76.83183474277543,FALSE,No tutor,63.08813361379654
843,74.46359129987742,FALSE,No tutor,58.530385120574806
844,90.40516799134207,FALSE,No tutor,71.40832241490912
845,84.30673103479792,FALSE,No tutor,78.78578348610043
846,88.91012885663334,FALSE,No tutor,49.0675785387107
847,92.73042621727181,FALSE,No tutor,66.0960079431848
848,87.20151881100978,FALSE,No tutor,58.94591464110596
849,75.22415801801988,FALSE,No tutor,53.63930762106665
850,72.66183570243852,FALSE,No tutor,54.048474432163616
851,66.21681425214734,FALSE,No tutor,50.074902271187085
852,73.94763501959591,FALSE,No tutor,52.83774591872502
853,75.0712283700614,FALSE,No tutor,67.53399681059705
854,57.21656138651328,TRUE,Tutor,65.64740900827636
855,80.43344464818264,FALSE,No tutor,64.28732979315149
856,73.20476029689713,TRUE,Tutor,77.67768570208925
857,89.60309445842476,FALSE,No tutor,78.63461695624821
858,96.32599096346632,FALSE,No tutor,72.03563065695008
859,81.19507238637775,FALSE,No tutor,71.28200958305615
860,67.10295576864202,TRUE,Tutor,67.84792193699019
861,68.57289240265608,TRUE,Tutor,67.94284214217816
862,62.16131895027039,TRUE,Tutor,66.45661497856871
863,84.40042031082025,FALSE,No tutor,61.16212499820979
864,92.3942226980607,FALSE,No tutor,77.50341652647755
865,72.30327750284403,FALSE,No tutor,60.38599380845858
866,94.79892828025659,FALSE,No tutor,65.65094546840827
867,65.15908216706788,TRUE,Tutor,68.87130506815132
868,63.566047527861,TRUE,Tutor,71.94306593772701
869,57.612567839775544,TRUE,Tutor,65.53478836567166
870,81.31643565397998,FALSE,No tutor,51.959569600241196
871,87.20160644604294,FALSE,No tutor,51.61010506180017
872,69.36137649640442,FALSE,No tutor,46.514926414392896
873,39.397024532025036,TRUE,Tutor,64.88992521642929
874,92.35515932256847,FALSE,No tutor,82.51747066555865
875,84.29588076697027,TRUE,Tutor,76.635026709269
876,75.22857219545705,FALSE,No tutor,63.977015425513535
877,76.65271864420909,FALSE,No tutor,72.95585646499103
878,84.39227168580288,FALSE,No tutor,52.519793502236944
879,98.3171648277149,FALSE,No tutor,72.04023076766592
880,82.10318882953746,FALSE,No tutor,64.6939304447026
881,92.2009418969331,FALSE,No tutor,72.04229965520267
882,77.21825582047708,FALSE,No tutor,67.27142441768113
883,88.9933977140603,TRUE,Tutor,88.67996819342778
884,79.68549255639743,FALSE,No tutor,66.4093267812955
885,87.96336347415722,TRUE,Tutor,86.24894255969566
886,83.9065143600649,FALSE,No tutor,65.43348902122392
887,83.49395430934494,TRUE,Tutor,70.82415020164032
888,46.588384135594005,TRUE,Tutor,60.49753034780231
889,63.242170620849436,FALSE,No tutor,43.60781748526886
890,81.43171767472681,FALSE,No tutor,50.99709086996799
891,92.56314842014531,FALSE,No tutor,60.528986997521834
892,54.675236947386786,FALSE,No tutor,62.28274125540625
893,94.12438812543614,FALSE,No tutor,71.45623159921435
894,92.20645142325168,FALSE,No tutor,69.84594144586569
895,88.34172640763796,FALSE,No tutor,63.55125329958233
896,90.33487276159688,FALSE,No tutor,79.75598088595271
897,89.66490551983377,FALSE,No tutor,71.9203790496669
898,47.811470449522005,TRUE,Tutor,56.05756918936059
899,79.50548277920453,FALSE,No tutor,63.2639395297587
900,87.67838053999081,FALSE,No tutor,57.22851347842352
901,64.30844648518573,TRUE,Tutor,58.115007129133
902,74.2880743057603,FALSE,No tutor,53.07244215186235
903,92.51384771840343,FALSE,No tutor,58.72189816567917
904,85.86222848789966,FALSE,No tutor,67.76945695459762
905,67.46051486560941,TRUE,Tutor,67.12440604767082
906,60.23782085088898,TRUE,Tutor,72.02960863484805
907,77.9958110342524,FALSE,No tutor,59.732137061614964
908,95.88297282789404,FALSE,No tutor,71.41007986557719
909,87.84536701797444,FALSE,No tutor,58.7445913825188
910,81.18158745578668,FALSE,No tutor,54.792228360542154
911,68.41169542050814,TRUE,Tutor,77.85992305423729
912,76.76743457582774,FALSE,No tutor,60.65100946957763
913,76.78611899558703,FALSE,No tutor,66.92018927618943
914,70.57262859387656,FALSE,No tutor,61.5604167097866
915,82.13435751076267,FALSE,No tutor,67.34455599316308
916,84.17481667778073,FALSE,No tutor,74.79286055604527
917,76.14042071177454,FALSE,No tutor,55.04481305941178
918,88.73799628227272,FALSE,No tutor,65.38378611795436
919,82.2345136865308,FALSE,No tutor,77.20924181764875
920,85.46101895537151,FALSE,No tutor,70.50780308707624
921,89.35628537685535,TRUE,Tutor,81.27298008907385
922,57.69274564674841,TRUE,Tutor,68.65100343124772
923,92.96522588583113,FALSE,No tutor,72.83688127899899
924,84.70078858110011,FALSE,No tutor,58.45628922344449
925,72.08566925142433,FALSE,No tutor,56.1968957637588
926,79.53920605206105,TRUE,Tutor,80.44505757622156
927,73.28543315816593,FALSE,No tutor,63.26638179712777
928,93.2618701083377,FALSE,No tutor,72.37834175385753
929,84.19540997967671,FALSE,No tutor,69.93653788305879
930,95.76610490995027,FALSE,No tutor,73.89864507780376
931,89.03928289155438,FALSE,No tutor,71.7421947870362
932,51.850086565872644,TRUE,Tutor,58.59175562586437
933,73.24637398132501,FALSE,No tutor,57.10543940733217
934,76.3167946905537,FALSE,No tutor,67.40618256521796
935,89.96097723168883,FALSE,No tutor,68.04117172807285
936,85.81133171396968,FALSE,No tutor,65.59132408961776
937,90.74937472123031,FALSE,No tutor,67.15468519447248
938,76.86869669971256,FALSE,No tutor,61.97241234732274
939,62.05589387929302,FALSE,No tutor,51.53521223086739
940,72.34786614324985,FALSE,No tutor,66.32396521349777
941,86.54563418713369,FALSE,No tutor,67.80800664054816
942,67.03764717638288,TRUE,Tutor,74.94281646542613
943,70.56734015514566,FALSE,No tutor,65.64002204533209
944,60.09980842330888,TRUE,Tutor,77.65127015610122
945,84.33443512792034,FALSE,No tutor,56.113521632111386
946,92.18072825673883,FALSE,No tutor,75.11939334795916
947,79.16174744823037,TRUE,Tutor,69.56311091796941
948,72.27752448203805,FALSE,No tutor,63.22307822128991
949,78.92237400212717,FALSE,No tutor,46.85890259247249
950,69.75588935853871,TRUE,Tutor,67.93931421855903
951,79.14085460757126,FALSE,No tutor,63.2654685636642
952,81.43194291836464,FALSE,No tutor,64.73937834471305
953,79.83892097753153,FALSE,No tutor,62.09617485682146
954,78.13870504978186,FALSE,No tutor,65.91965830146826
955,75.82302973278111,FALSE,No tutor,62.10124495472007
956,85.91281714212539,TRUE,Tutor,71.95745596978243
957,76.39707547677455,FALSE,No tutor,59.17877892665099
958,87.45199883793411,FALSE,No tutor,79.14778632639297
959,91.47029624686573,FALSE,No tutor,76.0874312322336
960,61.079420157234956,TRUE,Tutor,57.49482497830385
961,64.66304299351128,TRUE,Tutor,68.28398226998044
962,85.94869527433954,FALSE,No tutor,67.4191035085914
963,48.23724731405702,TRUE,Tutor,54.83565207375587
964,80.83888173226302,FALSE,No tutor,71.7739654329282
965,82.17906156440735,FALSE,No tutor,66.61430976634443
966,90.15587226700526,FALSE,No tutor,75.12233389355231
967,78.1827742574146,FALSE,No tutor,58.403091346121684
968,79.98825251908227,FALSE,No tutor,62.292779156444794
969,76.62670317788327,FALSE,No tutor,72.663488347428
970,69.37446381510189,TRUE,Tutor,72.04892495830146
971,58.4633404849085,TRUE,Tutor,68.61157564477134
972,71.79036606130573,FALSE,No tutor,65.71503029131662
973,56.17678552974317,TRUE,Tutor,63.04376898934582
974,54.18103151976348,TRUE,Tutor,73.27418011598594
975,83.289001900514,TRUE,Tutor,72.74373077628438
976,66.65377413103619,TRUE,Tutor,79.97620469624549
977,91.6746295298993,FALSE,No tutor,77.27931467310444
978,90.22313496854781,FALSE,No tutor,67.10693230738411
979,72.84392717029516,FALSE,No tutor,64.99734798206595
980,84.34488507995907,FALSE,No tutor,67.32249723759828
981,95.91326009187932,FALSE,No tutor,61.89948721661108
982,58.48283515148487,TRUE,Tutor,52.69712513187574
983,89.02582490768062,FALSE,No tutor,56.51889100445107
984,70.59936908529674,TRUE,Tutor,73.97632996717437
985,70.06072873861032,TRUE,Tutor,60.19569201577948
986,40.7425228280398,TRUE,Tutor,55.048727901086195
987,74.3079594151759,FALSE,No tutor,59.448114220720356
988,64.45248281593287,TRUE,Tutor,61.496560283852645
989,83.8802023306614,FALSE,No tutor,63.825061252077354
990,95.49594181581281,FALSE,No tutor,69.6278622623235
991,75.29099584644553,FALSE,No tutor,65.98401122583321
992,93.9157258495272,FALSE,No tutor,71.10543204139519
993,78.76829542716347,FALSE,No tutor,71.82042565344975
994,76.06711004167367,FALSE,No tutor,58.881302530343305
995,83.10231384013913,TRUE,Tutor,73.13296038952944
996,43.70483656873077,TRUE,Tutor,65.34237624362879
997,39.22141623673966,TRUE,Tutor,53.59540178484435
998,90.28790955607134,FALSE,No tutor,76.67197943719519
999,62.19972174372075,FALSE,No tutor,59.30696070617623
1000,83.47242758618252,FALSE,No tutor,61.067233009326344
